{"Accuracy": [0.7127969861030579, 0.801584005355835, 0.8365985751152039, 0.8503543138504028, 0.8532721996307373, 0.8653605580329895, 0.8616089820861816, 0.8657774329185486, 0.8807836771011353, 0.8849520683288574, 0.8887036442756653, 0.9062108993530273, 0.903709888458252, 0.8991246223449707, 0.9095456600189209, 0.9208003282546997, 0.9153814315795898, 0.905794084072113, 0.9224677085876465, 0.9295539855957031, 0.9374739527702332, 0.9324718713760376, 0.9399749636650085, 0.9420592188835144, 0.9353897571563721, 0.9337223768234253, 0.9466444253921509, 0.9433097243309021, 0.9533138871192932, 0.9545643925666809, 0.9466444253921509, 0.9516465067863464, 0.9570654630661011, 0.9591496586799622, 0.9570654630661011, 0.9545643925666809, 0.9637348651885986, 0.9574822783470154, 0.9670696258544922, 0.9691538214683533, 0.9679033160209656, 0.9679033160209656, 0.964568555355072, 0.9670696258544922, 0.9658191204071045, 0.9712380170822144, 0.9716548323631287, 0.9683201313018799, 0.9716548323631287, 0.96290123462677], "validation_accuracy": [0.38116592168807983, 0.38116592168807983, 0.38116592168807983, 0.38116592168807983, 0.4260089695453644, 0.43497759103775024, 0.5112107396125793, 0.5650224089622498, 0.6412556171417236, 0.6278026700019836, 0.6726457476615906, 0.7668161392211914, 0.713004469871521, 0.7443946003913879, 0.7578475475311279, 0.6188340783119202, 0.6143497824668884, 0.8295964002609253, 0.6771300435066223, 0.7802690863609314, 0.7174887657165527, 0.8295964002609253, 0.8968609571456909, 0.8878923654556274, 0.9013453125953674, 0.8565022349357605, 0.8834080696105957, 0.7533632516860962, 0.9147982001304626, 0.9058296084403992, 0.8161435127258301, 0.9103139042854309, 0.8878923654556274, 0.9282511472702026, 0.8834080696105957, 0.7937219738960266, 0.9237667918205261, 0.9372197389602661, 0.9192824959754944, 0.7219731211662292, 0.8699551820755005, 0.7085201740264893, 0.9192824959754944, 0.8744394779205322, 0.9192824959754944, 0.8699551820755005, 0.8206278085708618, 0.9103139042854309, 0.9103139042854309, 0.6726457476615906], "loss": [1.4258540868759155, 0.516095757484436, 0.437379390001297, 0.39621421694755554, 0.3631552755832672, 0.33081111311912537, 0.3615979254245758, 0.32968637347221375, 0.31618574261665344, 0.29111114144325256, 0.2876317799091339, 0.2512647807598114, 0.2419566661119461, 0.25592777132987976, 0.21670205891132355, 0.20897376537322998, 0.2388496696949005, 0.24949030578136444, 0.20995144546031952, 0.1858132928609848, 0.1695612668991089, 0.1752471774816513, 0.15505853295326233, 0.14828450977802277, 0.16231413185596466, 0.18463046848773956, 0.13808220624923706, 0.15260477364063263, 0.11523397266864777, 0.13194437325000763, 0.13889117538928986, 0.12610353529453278, 0.11349764466285706, 0.11432363837957382, 0.10149375349283218, 0.12552747130393982, 0.10056448727846146, 0.11990121752023697, 0.0952744409441948, 0.09311659634113312, 0.09287609159946442, 0.09261061996221542, 0.09100669622421265, 0.09243045002222061, 0.08581222593784332, 0.08130215853452682, 0.09228791296482086, 0.08940301090478897, 0.07030288875102997, 0.13405878841876984], "validation_loss": [2.370856761932373, 6.306680202484131, 7.063681125640869, 4.549569606781006, 5.7923431396484375, 2.781113624572754, 1.7637481689453125, 2.0301687717437744, 2.043001651763916, 2.299137592315674, 1.378359079360962, 0.6470133662223816, 0.9052366614341736, 0.541585385799408, 0.595799446105957, 1.0027512311935425, 1.0195317268371582, 0.3720978796482086, 0.8203126192092896, 0.6744248867034912, 0.8696246147155762, 0.5571572780609131, 0.22872598469257355, 0.33050602674484253, 0.2362290322780609, 0.33605292439460754, 0.3221147954463959, 0.6074456572532654, 0.2635892927646637, 0.3748430609703064, 0.6559320688247681, 0.24501332640647888, 0.43251532316207886, 0.26168036460876465, 0.4664197266101837, 0.5286428928375244, 0.2604812979698181, 0.21400094032287598, 0.17129281163215637, 1.2313001155853271, 0.4311256408691406, 1.5961817502975464, 0.278608113527298, 0.37472423911094666, 0.18156935274600983, 0.44496971368789673, 0.5491628050804138, 0.4011460244655609, 0.3439647853374481, 0.9484150409698486], "scores": [1.3757597208023071, 0.59375]}