{"Accuracy": [0.7461442351341248, 0.8186744451522827, 0.840766966342926, 0.8370154500007629, 0.8632763624191284], "validation_accuracy": [0.5336322784423828, 0.38116592168807983, 0.5650224089622498, 0.39461883902549744, 0.5426008701324463], "loss": [1.3243862390518188, 0.5166000723838806, 0.4348559081554413, 0.3948988914489746, 0.3878553807735443], "validation_loss": [1.1375248432159424, 5.615607261657715, 2.2289228439331055, 1.5613914728164673, 3.3461084365844727], "scores": [4.038146495819092, 0.4635416567325592]}